
-- SHOP INVESTORY & SALES TRACTER

-- PRODUCT TABLE 
CREATE TABLE PRODUCT (
product_id INT PRIMARY KEY,
Name TEXT NOT NULL,
category TEXT,
Price INT,
stock INT
);

-- CUSTOMERS TABLE 
CREATE TABLE CUSTOMERS(
customer_id INT PRIMARY KEY,
Name TEXT NOT NULL,
city TEXT 
);

-- SALES TABLE 
CREATE TABLE SALES(
sale_id INT PRIMARY KEY,
product_id INT ,
customer_id INT,
quantity INT,
sale_date date, 
FOREIGN KEY (product_id) REFERENCES PRODUCT(product_id),
FOREIGN KEY (customer_id) REFERENCES CUSTOMERS(customer_id)
);

-- INSERT PRODUCT 
INSERT INTO PRODUCT VALUES
(1,'Laptop','Electronics',45000,10),
(2,'Mouse','Electronics',500,50),
(3,'Notebook','stationery',80,200),
(4,'PenDrive','Electronics',800,30),
(5,'Headphones','Electronics',1500,25);


-- INSERT CUSTOMERS
INSERT INTO CUSTOMERS VALUES
(1,'Rahul','Nagpur'),
(2,'Ravi','Mumbai'),
(3,'Amit','Nagpur'),
(4,'Sneha','Pune');

-- INSERT SALES
INSERT INTO SALES VALUES
(1,1,1,2,'2026-03-01'),
(2,2,2,5,'2026-03-05'),
(3,3,3,10,'2026-03-10'),
(4,4,1,3,'2026-03-16'),
(5,5,4,1,'2026-03-20');

SELECT*FROM PRODUCT
WHERE CATEGORY = 'Electronics'

SELECT* FROM PRODUCT 
ORDER BY Price DESC

SELECT * FROM CUSTOMERS
WHERE City = 'Nagpur'

SELECT COUNT(*) AS TOTAL_SALES
FROM SALES
  
  SELECT product_id, SUM(quantity) AS TOTAL_SOLD
  FROM SALES
  GROUP BY product_id
--Advanced queries 
SELECT C.name,p.name,s.quantity
FROM SALES S
JOIN PRODUCT P ON S.PRODUCT_ID = P.PRODUCT_ID
JOIN CUSTOMERS C ON S.CUSTOMER_ID = C.CUSTOMER_ID

SELECT P.NAME,SUM(P.PRICE*S.QUANTITY) AS REVENUE
FROM SALES S
JOIN PRODUCT P ON S.PRODUCT_ID = P.PRODUCT_ID
GROUP BY P.NAME;

SELECT P.NAME ,SUM(S.QUANTITY) AS TOTAL_SOLD
FROM SALES S
JOIN PRODUCT P ON S.PRODUCT_ID = P.PRODUCT_ID
GROUP BY P.NAME
ORDER BY TOTAL_SOLD DESC

SELECT NAME,STOCK FROM PRODUCT
WHERE STOCK < 30

SELECT C.NAME , COUNT(*) AS TOTAL_ORDERS
FROM SALES S
JOIN CUSTOMERS C ON S.CUSTOMER_ID = C.CUSTOMER_ID
WHERE C.CITY = 'NAGPUR'
GROUP BY C.NAME;


